Same binarization,Diff binarization
,"ecoli_data_{BASC A}_onlyMissforest, ecoli_data_{K-Means}_onlyMissforest"
,"ecoli_data_{BASC A}_onlyMissforest, ecoli_data_{Onestep}_onlyMissforest"
"ecoli_data_{BASC A}_onlyMissforest, ecoli_data_{BASC A, K-Means}_onlyMissforest",
,"ecoli_data_{BASC A}_onlyMissforest, ecoli_data_{BASC A, Onestep}_onlyMissforest"
,"ecoli_data_{BASC A}_onlyMissforest, ecoli_data_{K-Means, Onestep}_onlyMissforest"
,"ecoli_data_{BASC A}_onlyMissforest, ecoli_data_{BASC A, K-Means, Onestep}_onlyMissforest"
,"ecoli_data_{BASC A}_onlyMissforest, ecoli_data_{BASC A}_Prob_and_Missforest"
,"ecoli_data_{BASC A}_onlyMissforest, ecoli_data_{K-Means}_Prob_and_Missforest"
,"ecoli_data_{BASC A}_onlyMissforest, ecoli_data_{Onestep}_Prob_and_Missforest"
,"ecoli_data_{BASC A}_onlyMissforest, ecoli_data_{BASC A, K-Means}_Prob_and_Missforest"
,"ecoli_data_{BASC A}_onlyMissforest, ecoli_data_{BASC A, Onestep}_Prob_and_Missforest"
,"ecoli_data_{BASC A}_onlyMissforest, ecoli_data_{K-Means, Onestep}_Prob_and_Missforest"
,"ecoli_data_{BASC A}_onlyMissforest, ecoli_data_{BASC A, K-Means, Onestep}_Prob_and_Missforest"
,"ecoli_data_{K-Means}_onlyMissforest, ecoli_data_{Onestep}_onlyMissforest"
,"ecoli_data_{K-Means}_onlyMissforest, ecoli_data_{BASC A, K-Means}_onlyMissforest"
,"ecoli_data_{K-Means}_onlyMissforest, ecoli_data_{BASC A, Onestep}_onlyMissforest"
,"ecoli_data_{K-Means}_onlyMissforest, ecoli_data_{K-Means, Onestep}_onlyMissforest"
,"ecoli_data_{K-Means}_onlyMissforest, ecoli_data_{BASC A, K-Means, Onestep}_onlyMissforest"
,"ecoli_data_{K-Means}_onlyMissforest, ecoli_data_{BASC A}_Prob_and_Missforest"
,"ecoli_data_{K-Means}_onlyMissforest, ecoli_data_{K-Means}_Prob_and_Missforest"
,"ecoli_data_{K-Means}_onlyMissforest, ecoli_data_{Onestep}_Prob_and_Missforest"
,"ecoli_data_{K-Means}_onlyMissforest, ecoli_data_{BASC A, K-Means}_Prob_and_Missforest"
,"ecoli_data_{K-Means}_onlyMissforest, ecoli_data_{BASC A, Onestep}_Prob_and_Missforest"
,"ecoli_data_{K-Means}_onlyMissforest, ecoli_data_{K-Means, Onestep}_Prob_and_Missforest"
,"ecoli_data_{K-Means}_onlyMissforest, ecoli_data_{BASC A, K-Means, Onestep}_Prob_and_Missforest"
,"ecoli_data_{Onestep}_onlyMissforest, ecoli_data_{BASC A, K-Means}_onlyMissforest"
,"ecoli_data_{Onestep}_onlyMissforest, ecoli_data_{BASC A, Onestep}_onlyMissforest"
"ecoli_data_{Onestep}_onlyMissforest, ecoli_data_{K-Means, Onestep}_onlyMissforest",
,"ecoli_data_{Onestep}_onlyMissforest, ecoli_data_{BASC A, K-Means, Onestep}_onlyMissforest"
,"ecoli_data_{Onestep}_onlyMissforest, ecoli_data_{BASC A}_Prob_and_Missforest"
,"ecoli_data_{Onestep}_onlyMissforest, ecoli_data_{K-Means}_Prob_and_Missforest"
"ecoli_data_{Onestep}_onlyMissforest, ecoli_data_{Onestep}_Prob_and_Missforest",
,"ecoli_data_{Onestep}_onlyMissforest, ecoli_data_{BASC A, K-Means}_Prob_and_Missforest"
,"ecoli_data_{Onestep}_onlyMissforest, ecoli_data_{BASC A, Onestep}_Prob_and_Missforest"
"ecoli_data_{Onestep}_onlyMissforest, ecoli_data_{K-Means, Onestep}_Prob_and_Missforest",
,"ecoli_data_{Onestep}_onlyMissforest, ecoli_data_{BASC A, K-Means, Onestep}_Prob_and_Missforest"
,"ecoli_data_{BASC A, K-Means}_onlyMissforest, ecoli_data_{BASC A, Onestep}_onlyMissforest"
,"ecoli_data_{BASC A, K-Means}_onlyMissforest, ecoli_data_{K-Means, Onestep}_onlyMissforest"
,"ecoli_data_{BASC A, K-Means}_onlyMissforest, ecoli_data_{BASC A, K-Means, Onestep}_onlyMissforest"
,"ecoli_data_{BASC A, K-Means}_onlyMissforest, ecoli_data_{BASC A}_Prob_and_Missforest"
,"ecoli_data_{BASC A, K-Means}_onlyMissforest, ecoli_data_{K-Means}_Prob_and_Missforest"
,"ecoli_data_{BASC A, K-Means}_onlyMissforest, ecoli_data_{Onestep}_Prob_and_Missforest"
,"ecoli_data_{BASC A, K-Means}_onlyMissforest, ecoli_data_{BASC A, K-Means}_Prob_and_Missforest"
,"ecoli_data_{BASC A, K-Means}_onlyMissforest, ecoli_data_{BASC A, Onestep}_Prob_and_Missforest"
,"ecoli_data_{BASC A, K-Means}_onlyMissforest, ecoli_data_{K-Means, Onestep}_Prob_and_Missforest"
,"ecoli_data_{BASC A, K-Means}_onlyMissforest, ecoli_data_{BASC A, K-Means, Onestep}_Prob_and_Missforest"
,"ecoli_data_{BASC A, Onestep}_onlyMissforest, ecoli_data_{K-Means, Onestep}_onlyMissforest"
,"ecoli_data_{BASC A, Onestep}_onlyMissforest, ecoli_data_{BASC A, K-Means, Onestep}_onlyMissforest"
,"ecoli_data_{BASC A, Onestep}_onlyMissforest, ecoli_data_{BASC A}_Prob_and_Missforest"
,"ecoli_data_{BASC A, Onestep}_onlyMissforest, ecoli_data_{K-Means}_Prob_and_Missforest"
,"ecoli_data_{BASC A, Onestep}_onlyMissforest, ecoli_data_{Onestep}_Prob_and_Missforest"
,"ecoli_data_{BASC A, Onestep}_onlyMissforest, ecoli_data_{BASC A, K-Means}_Prob_and_Missforest"
"ecoli_data_{BASC A, Onestep}_onlyMissforest, ecoli_data_{BASC A, Onestep}_Prob_and_Missforest",
,"ecoli_data_{BASC A, Onestep}_onlyMissforest, ecoli_data_{K-Means, Onestep}_Prob_and_Missforest"
,"ecoli_data_{BASC A, Onestep}_onlyMissforest, ecoli_data_{BASC A, K-Means, Onestep}_Prob_and_Missforest"
,"ecoli_data_{K-Means, Onestep}_onlyMissforest, ecoli_data_{BASC A, K-Means, Onestep}_onlyMissforest"
,"ecoli_data_{K-Means, Onestep}_onlyMissforest, ecoli_data_{BASC A}_Prob_and_Missforest"
,"ecoli_data_{K-Means, Onestep}_onlyMissforest, ecoli_data_{K-Means}_Prob_and_Missforest"
"ecoli_data_{K-Means, Onestep}_onlyMissforest, ecoli_data_{Onestep}_Prob_and_Missforest",
,"ecoli_data_{K-Means, Onestep}_onlyMissforest, ecoli_data_{BASC A, K-Means}_Prob_and_Missforest"
,"ecoli_data_{K-Means, Onestep}_onlyMissforest, ecoli_data_{BASC A, Onestep}_Prob_and_Missforest"
"ecoli_data_{K-Means, Onestep}_onlyMissforest, ecoli_data_{K-Means, Onestep}_Prob_and_Missforest",
,"ecoli_data_{K-Means, Onestep}_onlyMissforest, ecoli_data_{BASC A, K-Means, Onestep}_Prob_and_Missforest"
,"ecoli_data_{BASC A, K-Means, Onestep}_onlyMissforest, ecoli_data_{BASC A}_Prob_and_Missforest"
,"ecoli_data_{BASC A, K-Means, Onestep}_onlyMissforest, ecoli_data_{K-Means}_Prob_and_Missforest"
,"ecoli_data_{BASC A, K-Means, Onestep}_onlyMissforest, ecoli_data_{Onestep}_Prob_and_Missforest"
,"ecoli_data_{BASC A, K-Means, Onestep}_onlyMissforest, ecoli_data_{BASC A, K-Means}_Prob_and_Missforest"
,"ecoli_data_{BASC A, K-Means, Onestep}_onlyMissforest, ecoli_data_{BASC A, Onestep}_Prob_and_Missforest"
,"ecoli_data_{BASC A, K-Means, Onestep}_onlyMissforest, ecoli_data_{K-Means, Onestep}_Prob_and_Missforest"
"ecoli_data_{BASC A, K-Means, Onestep}_onlyMissforest, ecoli_data_{BASC A, K-Means, Onestep}_Prob_and_Missforest",
,"ecoli_data_{BASC A}_Prob_and_Missforest, ecoli_data_{K-Means}_Prob_and_Missforest"
,"ecoli_data_{BASC A}_Prob_and_Missforest, ecoli_data_{Onestep}_Prob_and_Missforest"
"ecoli_data_{BASC A}_Prob_and_Missforest, ecoli_data_{BASC A, K-Means}_Prob_and_Missforest",
,"ecoli_data_{BASC A}_Prob_and_Missforest, ecoli_data_{BASC A, Onestep}_Prob_and_Missforest"
,"ecoli_data_{BASC A}_Prob_and_Missforest, ecoli_data_{K-Means, Onestep}_Prob_and_Missforest"
,"ecoli_data_{BASC A}_Prob_and_Missforest, ecoli_data_{BASC A, K-Means, Onestep}_Prob_and_Missforest"
,"ecoli_data_{K-Means}_Prob_and_Missforest, ecoli_data_{Onestep}_Prob_and_Missforest"
,"ecoli_data_{K-Means}_Prob_and_Missforest, ecoli_data_{BASC A, K-Means}_Prob_and_Missforest"
,"ecoli_data_{K-Means}_Prob_and_Missforest, ecoli_data_{BASC A, Onestep}_Prob_and_Missforest"
,"ecoli_data_{K-Means}_Prob_and_Missforest, ecoli_data_{K-Means, Onestep}_Prob_and_Missforest"
,"ecoli_data_{K-Means}_Prob_and_Missforest, ecoli_data_{BASC A, K-Means, Onestep}_Prob_and_Missforest"
,"ecoli_data_{Onestep}_Prob_and_Missforest, ecoli_data_{BASC A, K-Means}_Prob_and_Missforest"
,"ecoli_data_{Onestep}_Prob_and_Missforest, ecoli_data_{BASC A, Onestep}_Prob_and_Missforest"
"ecoli_data_{Onestep}_Prob_and_Missforest, ecoli_data_{K-Means, Onestep}_Prob_and_Missforest",
,"ecoli_data_{Onestep}_Prob_and_Missforest, ecoli_data_{BASC A, K-Means, Onestep}_Prob_and_Missforest"
,"ecoli_data_{BASC A, K-Means}_Prob_and_Missforest, ecoli_data_{BASC A, Onestep}_Prob_and_Missforest"
,"ecoli_data_{BASC A, K-Means}_Prob_and_Missforest, ecoli_data_{K-Means, Onestep}_Prob_and_Missforest"
,"ecoli_data_{BASC A, K-Means}_Prob_and_Missforest, ecoli_data_{BASC A, K-Means, Onestep}_Prob_and_Missforest"
,"ecoli_data_{BASC A, Onestep}_Prob_and_Missforest, ecoli_data_{K-Means, Onestep}_Prob_and_Missforest"
,"ecoli_data_{BASC A, Onestep}_Prob_and_Missforest, ecoli_data_{BASC A, K-Means, Onestep}_Prob_and_Missforest"
,"ecoli_data_{K-Means, Onestep}_Prob_and_Missforest, ecoli_data_{BASC A, K-Means, Onestep}_Prob_and_Missforest"
